0x480fb612d001f7A7759BadE904c1BdcDD4d22996, BingX 1
0xda43c54Ce5083885F561E05fd6220b7096bE246c, BingX 2
0x766182bFA8B8790d61c4D7E7912C1C3A6F42cef6, BingX 3
0xC4334A9AF50C80A12C484de643149f6159Bdd110, BingX 4
0xA0FCA8fA8E9C6aA77305f94bE0e03908d0a42900, BingX 5
0xA1CA8B54Cb25fB0bD2090061E63E13016a6F2e11, BingX 6
0x474ac5cb62D7aCEDC9990d4DaAfA0c39D9478FBB, BingX 7
0xa88f86E5685FCa7C5D6de0e4D944875b007137b5, BingX 8
0x406C22b8740ae955b04fD11c2061E053807E2A69, BingX 9
0x4597A8206978C5DE22173432B2f0Cb899EEf9Fa3, BingX 10
0xEfA02443139F31E0336608e5a2F99D26784e4bfd, BingX 11
0xBB936d7CD3cDc6AC01088916d939cA5207cD84c2, BingX 12
0xED5e461999B1Fedd00797a818Edd75C727Ed948F, BingX 13
0xE4516477ADacc6682Cf18069475f676a5B5667f9, BingX 14
0x6c69fa64EC451b1Bc5b5FBAa56CF648a281634Be, BingX 15
0x1651D700cD4020334bD185BA4c6E0271ffc0C732, BingX 16
0x58900914802109a1C1010526eAF34399A75F2288, BingX 17
0xBbA84019AEaAa8B736e1D9c7c1c6074Fd47d75DB, BingX 18
0xBd19C1aF254953188ED78Ee35904B6D26B18e5EE, BingX 19
0xC3dcd744db3f114f0edF03682b807b78A227Bf74, BingX 20
0x0b07f64ABc342B68AEc57c0936E4B6fD4452967E, BingX 21
0xA1195F0d9B010F86633E1553F1286d74F80eF52B, BingX 22