0x71660c4005BA85c37ccec55d0C4493E66Fe775d3, Coinbase 1
0x77696bb39917C91A0c3908D577d5e322095425cA, Coinbase 3
0x7c195D981AbFdC3DDecd2ca0Fed0958430488e34, Coinbase 4
0x95A9bd206aE52C4BA8EecFc93d18EACDd41C88CC, Coinbase 5
0xb739D0895772DBB71A89A3754A160269068f0D45, Coinbase 6
0x4a4E859565D9B563afC8e63641542455cff0dFD2, Coinbase 7
0xE1A0DDeb9b5b55E489977b438764e60e314E917c, Coinbase 8
0x19aB546E77d0cD3245B2AAD46bd80dc4707d6307, Coinbase 9
0xA9D1e08C7793af67e9d92fe308d5697FB81d3E43, Coinbase 10
0xC8373EDFaD6d5C5f600b6b2507F78431C5271fF5, Coinbase 11
0x503828976D22510aad0201ac7EC88293211D23Da, Coinbase 12
0xB624219480543C54603fb6b07d5eb347E51bffe0, Coinbase 13
0x20FE51A9229EEf2cF8Ad9E89d91CAb9312cF3b7A, Coinbase 14
0x333d17d3B42bf7930Dbc6e852cA7Bcf560A69003, Coinbase 15
0x9810762578aCCF1F314320CCa5B72506aE7D7630, Coinbase 16
0x3DD1D15b3c78d6aCFD75a254e857Cbe5b9fF0aF2, Coinbase 17
0xf491d040110384DBcf7F241fFE2A546513fD873d, Coinbase 18
0xc7bf35C9A3Bdd1B1c19A6963De669cb45191A019, Coinbase 19
0x05e3a758FdD29d28435019ac453297eA37b61b62, Coinbase 20
0xa3682Fe8fD73B90A7564585A436EC2D2AEb612eE, Coinbase 21
0x739120AdE7ED878FcA5bbDB806263a8258FE2360, Coinbase 22
0xddfAbCdc4D8FfC6d5beaf154f18B778f892A0740, Coinbase 23
0x8af8485e1F178be06386CD3877Fde20626e0284F, Coinbase 24
0x6dcBCe46a8B494c885D0e7b6817d2b519dF64467, Coinbase 25
0xa656f7d2A93A6F5878AA768f24eB38Ec8C827fE2, Coinbase 26
0xD34EA7278e6BD48DefE656bbE263aEf11101469c, Coinbase 27
0xE68Ee8A12c611fd043fB05d65E1548dC1383f2b9, Coinbase 28
0x28C5B0445d0728bc25f143f8EbA5C5539fAe151A, Coinbase 29
0xc9AAA6cA0e05B87d53A3E51Edbc44b406EEaF299, Coinbase 30
0x7eD53F6E3dE6B2b4156FA8E618506E60D8E65843, Coinbase 31
0x5122E9AA635C13AFD2fc31De3953E0896bac7aB4, Coinbase 32
0x3cD751E6b0078Be393132286c442345e5DC49699, Coinbase 33
0xD839C179a4606F46abD7A757f7Bb77D7593aE249, Coinbase 34
0x1985EA6E9c68E1C272d8209f3B478AC2Fdb25c87, Coinbase 35
0xB4807865A786E9E9E26E6A9610F2078e7fc507fB, Coinbase 36
0x731307f3B12cC56191aDE83ea630a377D9a941F6, Coinbase 37
0x28E71d0b7f7f29106a1bE2A5B289cab331E7B56f, Coinbase 38
0x4D8336bDa6C11BD2a805C291Ec719BaeDD10AcB9, Coinbase 39
0x563537412ad5D49fAA7FA442b9193B8238d98c3c, Coinbase 40
0xE86F3aaA57F63B2AfeCA68178182a91bC3909962, Coinbase 41
0x40EbC1Ac8d4Fedd2E144b75fe9C0420BE82750c6, Coinbase 42
0xA14D57f5Ea867572b0d239798D2C1Dde13153902, Coinbase 43
0xb5d85CBf7cB3EE0D56b3bB207D5Fc4B82f43F511, Coinbase 44
0x441CACfD43856409b163B90e094BB42aeb70a70e, Coinbase 45
0x760DcE7eA6e8BA224BFFBEB8a7ff4Dd1Ef122BfF, Coinbase 46
0x6321F9F02D9d56261c8C79131aE74D7b427ccAF5, Coinbase 47
0xb0fa34C866e1e1E7030820B4f846BB58d6F75b04, Coinbase 48
0x2a410f11A6F520398447bF423DceDd25DFd3a568, Coinbase 49
0x14AF92363379f3548958f9de1fb2e6E5DF74476e, Coinbase 50
0x3DD87411a3754deea8cc52C4CF57E2fC254924Cc, Coinbase 51
0xe3aaC971590635F601Ea751096f11343C70ebaDF, Coinbase 52
0xE7Ee701BdAA5b446C985BFeCC8933f3E5eeed867, Coinbase 53
0xeB2629a2734e272Bcc07BDA959863f316F4bD4Cf, Coinbase 54
0xD688AEA8f7d450909AdE10C47FaA95707b0682d9, Coinbase 55
0x02466E547BFDAb679fC49e96bBfc62B9747D997C, Coinbase 56
0x6b76F8B1e9E59913BfE758821887311bA1805cAB, Coinbase 57
0x7830c87C02e56AFf27FA8Ab1241711331FA86F43, Coinbase: Deposit