0xcF7105FDE573695D62666aeFa4e1691bf3Ab50d5, CoinEx 1
0x89F2ab029DcD11bD5A00Ed6A77ccBE46315212e8, CoinEx 2
0x187E3534f461d7C59a7d6899a983A5305b48f93F, CoinEx 3
0xDA07F1603a1c514b2F4362F3eae7224A9CDEfAF9, CoinEx 4
0x85Cf05F35b6D542aC1d777d3F8cfde57578696fc, CoinEx 5
0x3339Afcb8e237aA8AaF3e1040473173830EfD09C, CoinEx 8
0x33Ddd548FE3a082d753E5fE721a26E1Ab43e3598, CoinEx 9
0x601A63C50448477310feDb826ED0295499bAf623, CoinEx 10
0xD782E53A49D564F5fce4bA99555DD25d16d02a75, CoinEx 11
0x90f86774e792e91cf81B2Ff9F341EfcA649343A6, CoinEx 12
0x53Eb3Ea47643E87e8f25dd997A37B3b5260e7336, CoinEx 13
0x8dA2931006453e0285682314af5bcd2377deaEB1, CoinEx 14
0xE70b8dc28E795738A772379E9D456E7d74f50aB5, CoinEx 15
0xB85bd2A1D76586BB8F81494BFA061DfBF803b4db, CoinEx 16
0xAFedF06777839D59eED3163cC3e0A5057b514399, CoinEx Cold
0x5Cf44f2cB65aF7D56B30719312eCD13151A0470b, CoinEx: Deposit Funder 1
0x1e450c2A1870A52606eDd37ac0bF593dca9C1c3F, CoinEx: Deposit Funder 2
