0x2B5634C42055806a59e9107ED44D43c426E58258, KuCoin 1
0x689C56AEf474Df92D44A1B70850f808488F9769C, KuCoin 2
0xa1D8d972560C2f8144AF871Db508F0B0B10a3fBf, KuCoin 3
0x4ad64983349C49dEfE8d7A4686202d24b25D0CE8, KuCoin 4
0x1692E170361cEFD1eb7240ec13D048Fd9aF6d667, KuCoin 5
0xD6216fC19DB775Df9774a6E33526131dA7D19a2c, KuCoin 6
0xe59Cd29be3BE4461d79C0881D238Cbe87D64595A, KuCoin 7
0x899B5d52671830f567BF43A14684Eb14e1f945fe, KuCoin 8
0xf16E9B0D03470827A95CDfd0Cb8a8A3b46969B91, KuCoin 9
0xcaD621da75a66c7A8f4FF86D30A2bF981Bfc8FdD, KuCoin 10
0xeC30d02f10353f8EFC9601371f56e808751f396F, KuCoin 11
0x738cF6903E6c4e699D1C2dd9AB8b67fcDb3121eA, KuCoin 12
0xd89350284c7732163765b23338f2ff27449E0Bf5, KuCoin 13
0x88Bd4D3e2997371BCEEFE8D9386c6B5B4dE60346, KuCoin 14
0xb8e6D31e7B212b2b7250EE9c26C56cEBBFBe6B23, KuCoin 15
0x41e29c02713929F800419AbE5770fAa8A5b4dADC, KuCoin 16
0x45300136662dD4e58fc0DF61E6290DFfD992B785, KuCoin 17
0x83C41363cBee0081dab75cB841FA24f3dB46627e, KuCoin 18
0x7491f26A0FCb459111b3a1db2fbFC4035D096933, KuCoin 19
0x58edF78281334335EfFa23101bBe3371b6a36A51, KuCoin 20
0xf97DeB1C0BB4536ff16617D29E5F4B340fE231Df, KuCoin 21
0xa152F8bb749c55E9943A3a0A3111D18ee2B3f94E, KuCoin 22
0xE66845FD840FC7e489bcb61241FFf5B7fc5f1f0e, KuCoin 23
0x03E6FA590CAdcf15A38e86158E9b3D06FF3399Ba, KuCoin 24
0xF3F094484eC6901FfC9681bCb808B96bAFd0b8a8, KuCoin 25
0xa3f45e619cE3AAe2Fa5f8244439a66B203b78bCc, KuCoin 26
0xEBb8EA128BbdFf9a1780A4902A9380022371d466, KuCoin 27
0x635308e731A878741bfeC299e67f5fD28c7553D9, KuCoin 28
0x9AC5637d295FEA4f51E086C329d791cC157B1C84, KuCoin 29
0x4E75e27e5Aa74F0c7A9D4897dC10EF651f3A3995, KuCoin 32
0x441454b3D857FE365b7DefE8cb3E4F498EC91eAC, KuCoin 33
0x77f59b595CaC829575E262B4c8bBCB17abAdB33A, KuCoin 34
0x14EA40648fC8C1781D19363F5B9Cc9A877ac2469, KuCoin 35
0xa649fFC455AC7C5acc1bc35726FcE54e25Eb59f9, KuCoin 36
0xF8dA05c625A6E601281110cbA52b156e714E1DC2, KuCoin 37
0x446B86A33E2a438f569B15855189e3dA28d027ba, KuCoin 38
0xaA99fC695eb1bbFb359FbAD718C7C6dAFc03a839, KuCoin 39
0xf8Ba3EC49212Ca45325A2335a8Ab1279770dF6c0, KuCoin 43
0x6D6CC65E2060D0A280FCd47b6c22Ec5636797FEc, KuCoin 45
0x8dac80CE96F69F9762Bc450faa4d7FBd5891Ae18, KuCoin 46
0x44f1B02d78ed39962600Df6440cF8eEd3E02A96b, KuCoin 47
0x651f1d419C548125D7E5456FB61F3dF47c29600D, KuCoin 48
0x2677C4c8757dA1857CC7cc4071E0E0Dd32ccb975, KuCoin 49
0x69be413D648ae00f0Fbd9856F1355E22B36Ee5e0, KuCoin 50
0x175ce6204bFDA2A509C7e9c786B74407F569c9cC, KuCoin 51
0xBeE64116bd2b1b6373273D01664fbC5532dad06D, KuCoin 52
0x0669bcDC8ede4A973eD9B3480Aff984DE15d2d65, KuCoin 53
0x5B234AAab0F61d346A3eF8FACA474c1C19F80c1f, KuCoin 54
0xcD5F3c15120a1021155174719Ec5FCf2c75aDf5b, KuCoin: Hot Wallet 1
0x53f78A071d04224B8e254E243fFfc6D9f2f3Fa23, KuCoin: Hot Wallet 2
0xf2b16510270a214130C6b17ff0E9bF87585126BD, KuCoin Deployer
0x061F7937B7b2bc7596539959804F86538b6368dC, Kucoin: Deposit Funder 1
0x2602669a92fCCF44e5319fF51B0F453aAb9Db021, Kucoin: Deposit Funder 2
0xcE0d2213A0eAFF4176D90B39879b7B4F870fA428, Kucoin: Deposit Funder 3
0xdd07813c45CA55731dd12f6e5De59Ce9FE5304ad, Kucoin: Deposit Funder 4
0x00F3e09Abe73AeC2D6AD7B8820049B60eBc73f94, Kucoin: Deposit Funder 5
0xcB014880de8b1E5f6c90CBcD2c232970cF3Aec32, Kucoin: Deposit Funder 6
0xA1CE37506eadf62d2Be3741C644AA52a009d3A8b, Kucoin: Deposit Funder 7
0xc91FbeC25F454E1BFc782d215aDA56b3007276D0, Kucoin: Deposit Funder 8
0x245654d7Db653FF134EA032f671eF2730333F42c, Kucoin: Deposit Funder 9
0xBF7AEBe0A571CF621F59aD48333a5c75fBf9d5E4, Kucoin: Deposit Funder 10
0x4316e553902c3eAB807663001D089Fd6554A4566, Kucoin: Deposit Funder 11