0x75e89d5979E4f6Fba9F97c104c2F0AFB3F1dcB88, MEXC 1
0x0211f3ceDbEf3143223D3ACF0e589747933e8527, MEXC 2
0x3CC936b795A188F0e246cBB2D74C5Bd190aeCF18, MEXC 3
0xee136C0389733849Dd710AC7104E92C6bF497574, MEXC 4
0x2e8F79aD740de90dC5F5A9F0D8D9661a60725e64, MEXC 5
0x83c1C224044Ef8573e9a728dBb91013CF80827E6, MEXC 6
0xDF90C9B995a3b10A5b8570a47101e6c6a29eb945, MEXC 7
0x51E3D44172868Acc60D68ca99591Ce4230bc75E0, MEXC 8
0xffB3118124cdaEbD9095fA9a479895042018cac2, MEXC 9
0x9b64203878F24eB0CDF55c8c6fA7D08Ba0cF77E5, MEXC 10
0x576b81F0c21EDBc920ad63FeEEB2b0736b018A58, MEXC 11
0x8E1701CFd85258DDb8DFE89Bc4c7350822B9601D, MEXC 12
0x4982085C9e2F89F2eCb8131Eca71aFAD896e89CB, MEXC 13
0x0162Cd2BA40E23378Bf0FD41f919E1be075f025F, MEXC 14
0x4e3ae00E8323558fA5Cac04b152238924AA31B60, MEXC 15
0x9642b23Ed1E01Df1092B92641051881a322F5D4E, MEXC 16
0xfaf17849fb05a11a4E233f221bAc99CA43Fc83f8, MEXC 17
0x7920891B9eC6ADB878092B65A7069C1Ff79C7c8E, MEXC 18
0xE8832A868C091263ed190a9F4be304A03895dd91, MEXC 19
0xD67f25Ef2399A0C769B1A35634C5Ce77166714dB, MEXC 20
0x12C5E4EEEaA20E25847b5453D23246983c512DB7, MEXC 21
0xc411aB12837f63935b71B6c6643d0f7000e55E4b, MEXC 22
0x1F7370792a057227024e7a8Cc15b40E3eD171FfC, MEXC 23
0xf95334a86d09A6eEc74D69Da344efaca424B13a9, MEXC 24
0x76bf215ADE956642B056B9043e014988941BbdDd, MEXC 25
0xe4e3ECA65460C14a5245b09fee15a92bA09458b6, MEXC 26
0xf016E1D45EF23Bdd414E7A2E4D46E1b34577b508, MEXC 27
0x469AfE803C54A36674C55231489Cf4b61da8c1bC, MEXC 28 