0x6cC5F688a315f3dC28A7781717a9A798a59fDA7b, OKX
0x236F9F97e0E62388479bf9E5BA4889e46B0273C3, OKX 2
0xA7EFAe728D2936e78BDA97dc267687568dD593f3, OKX 3
0x2c8FBB630289363Ac80705A1a61273f76fD5a161, OKX 4
0x59FAE149A8f8EC74d5bC038F8b76D25b136b9573, OKX 5
0x98EC059Dc3aDFBdd63429454aEB0c990FBA4A128, OKX 6
0x5041ed759Dd4aFc3a72b8192C143F72f4724081A, OKX 7
0xCbA38020cd7B6F51Df6AFaf507685aDd148F6ab6, OKX 8
0x461249076B88189f8AC9418De28B365859E46BfD, OKX 9
0xc5451b523d5FFfe1351337a221688a62806ad91a, OKX 10
0x42436286A9c8d63AAfC2eEbBCA193064d68068f2, OKX 11
0x7eb6c83AB7D8D9B8618c0Ed973cbEF71d1921EF2, OKX 20
0xBDa23B750dD04F792ad365B5F2a6F1d8593796f2, OKX 21
0x276cdBa3a39aBF9cEdBa0F1948312c0681E6D5Fd, OKX 22
0x3D55CCb2a943d88D39dd2E62DAf767C69fD0179F, OKX 23
0xBf94F0AC752C739F623C463b5210a7fb2cbb420B, OKX 24
0xf7858Da8a6617f7C6d0fF2bcAFDb6D2eeDF64840, OKX 25
0x68841a1806fF291314946EebD0cdA8b348E73d6D, OKX 26
0xD7efCbB86eFdD9E8dE014dafA5944AaE36E817e4, OKX 27
0xf51cD688b8744b1bfD2FBa70D050dE85EC4fb9Fb, OKX 28
0xCbffCB2c38ecd19468d366D392AC0c1DC7F04Bb6, OKX 29
0xc3AE71FE59f5133BA180cbBd76536a70Dec23d40, OKX 30
0xe95f6604A591F6ba33aCCB43a8a885C9c272108c, OKX 31
0x0938C63109801Ee4243a487aB84DFfA2Bba4589e, OKX 32
0x06959153B974D0D5fDfd87D561db6d8d4FA0bb0B, OKX 33
0xA16F524a804BEaED0d791De0aa0b5836295A2a84, OKX 34
0x3b5a23f6207d87B423C6789D2625eA620423b32D, OKX 35
0x2D2cC0eB095e43204E0C087E07Dbf95909650939, OKX 36
0x62383739D68Dd0F844103Db8dFb05a7EdED5BBE6, OKX 37
0x7E4aA755550152a522d9578621EA22eDAb204308, OKX 38
0xEbe80f029b1c02862B9E8a70a7e5317C06F62Cae, OKX 39
0x11817afB29279703c5679959417015328cA6A0D1, OKX 40
0x793Aa889e19A130ee4cB8b63c79Aa3BDccC663CB, OKX 41
0x52738a51882f35D6b25a3FD0C86089ddBd206821, OKX 42
0xaE0CBABa071D58EFc278A815B2Cb652286e192ff, OKX 43
0xD576392CB12b7749BA33f8d223f64E65Ee32f03f, OKX 44
0xe983845A04c681A295Dd9cE1FA8C2c8505932da3, OKX 45
0xd266529641EeFFAA2B2A0Bc99daA5b32EF241078, OKX 46
0x48C4c83BE7e3884ee5043a3ABE5115eB020b5f4a, OKX 47
0x4e2757e46103556f98d4D036D8eFE18389B89f51, OKX 48
0xdad24044E36587d975D7b5BCEb6467Fac21E0c81, OKX 49
0xCD5bD47D3D1D8412b241cE9015c5032142948c12, OKX 50
0xd3d7DBe73BbdD5A5C7a49Ca322763c4d400fC240, OKX 51
0x0475Dd0e4194422A8Cac486Dc69173F535D0baF4, OKX 52
0x30C1DcdE81e5dbF3121D0408abC7908980e83aE2, OKX 53
0x313Eb1C5e1970EB5CEEF6AEbad66b07c7338d369, OKX 54
0xdb0ED345Cb52c2F2457918AFA3EB4b682E264Ad0, OKX 55
0x48480aAd203e8b030F82754B3c75869C9895C6Bf, OKX 56
0x3c5883C650d600bd543A9B5c8D9A3a6f5d16b8f4, OKX 57
0x4a11078a99b118BbFee78a5c187D98D264360433, OKX 58
0x8734BCa44102bf8A663e1ba112308504606E1b08, OKX 59
0xdE01974Fb4A98BAFd7cbf8A06eCf6DCc94d7283f, OKX 60
0x06d3a30cBb00660B85a30988D197B1c282c6dCB6, OKX 61
0x6d8c32fCF2d95ff410Ba492f6694F18CbEE55CE1, OKX 62
0x730dF969955c0A2fA9e8F2484E9741a363afdbb3, OKX 63
0xb99CC7e10Fe0Acc68C50C7829F473d81e23249cc, OKX 64
0x56FD42ECD77C88BDd959Be54aF10d1759b473DfF, OKX 65
0x25236E080106B5387Df201FBBd9a6b870917676D, OKX 66
0x728d92A8023bFbe0d4f3fdd549Ed3b4996a0EBa9, OKX 67
0x3f482c72a2b3e777746f5755cC0Ff1323eA2Ad16, OKX 68
0xBFeF5c888bB7a0A6B14b4C3Ccc4364EA81aA573f, OKX 69
0xa2684F75740cFFF46c29bAe79a4eCc43043C003D, OKX 70
0xB072b7DC9521d97a3f12b04bEb1e497f8875eC52, OKX 71
0x0799dDbF6F14Db566ca4dF4ff0575c4cC1e7749c, OKX 72
0x539C92186f7C6CC4CbF443F26eF84C595baBBcA1, OKX 73
0xF7C63e75B90C60D7b343106A39658F8b3ca6e4D2, OKX 74
0x52b311c52436789f3754bD199Bf3886b8CCBab4c, OKX 75
0x868daB0b8E21EC0a48b726A1ccf25826c78C6d7F, OKX 76
0xdc3cE895714844B4775B6d06F0DaE513542cEE10, OKX 77
0x12A8BDC0470ab29a229D828526641b7d1f170fcF, OKX 78
0xCbc767b519394A9E4682Cc9a15DCd18c46A6045b, OKX 79
0xeaEd6576334B003d1c5C4797D9c7Bb025A20c038, OKX 80
0x68b5E9E083BFC28c33cfbf3F19D33e629015E907, OKX 81
0x03aE1A796DFE0400439211133D065BDA774B9D3e, OKX 82
0xdeB6ad2a7820839464Da79BaC953aE6189215443, OKX 83
0x9e3bB2cD5a89FCC4B826230b144c4917881BEa85, OKX 84
0x4106A4be14867c70E52c51B9805514Ae2e16dE64, OKX 85
0x297611B7aCcB7F24032c27B3a496465624c7Ef50, OKX 86
0x0fF9491b236a36Cc183823E39d7532194143FdB1, OKX 87
0xF81233a61C0D6D13C6FE504DDbbA3E2630eA0c5c, OKX 88
0x68E2EA1622AA67FB3a01a66D132daed8A48d1662, OKX 89
0x9B645675E8D64759E5c36E30Dcb766d8CEC3d34F, OKX 90
0xe6eea9812CCc5981cCf0Ab333610C42c2D92D146, OKX 91
0xCB0963264231Bb08B2f680aB3ED89A49c9641Bb3, OKX 92
0xbFbBFacCD1126A11b8F84C60b09859F80f3BD10F, OKX 93
0xB4eC508ADEB174610B4295E233A458b3475964f7, OKX 94
0x6667A4B7EFf4A0B86781fB3B187622CD3c257F09, OKX 95
0x4BCbAF34862e6480329477917Cf5cd7b9537a98D, OKX 96
0x41205307b6618F03bE2d95747a07311456bdb143, OKX 97
0xBa0a39d37151fA4f938Bec51CdAE4675105760f4, OKX 98
0xb47A0AC7798d8308467b2b96aC632ED43c9CB6d7, OKX 99
0x267b51c97632225Da2b2e49aEbE59eEF1Af32653, OKX 100
0xC68c17E6Eec0fDE3605C595C9B98De5c1a4Cc3E4, OKX 101
0x47Eb32dEa1ab1436187939fa72D6d5FF884A87Da, OKX 102
0xeB196a61f9A1E35Bf5053b65AAA57c5541dcBa86, OKX 103
0xfcB21730ac0CD487D8701dFED1170e023B57cf7a, OKX 104
0x6B7ba57e1d43c2C975Ba25139A04D193e64a11D0, OKX 105
0x17e91B98988937cB59Dc163b0b11781F9785591A, OKX 106
0x42Cf18596EE08E877d532Df1b7cF763059A7EA57, OKX 107
0x6Dc1A070425f437Ac08BB108f7093b177D7Af3a6, OKX 108
0x5F8215eE653Cb7225c741C7aA8591468d1f158b8, OKX 109
0x5B27e98516fD2Bd5001D4dfE3f5a2263f702f634, OKX 110
0x6a4561eF7874A76B4bf0D3edca31DFCD51603414, OKX 111
0xEe1c6537E589a15a15f80961f5594C57beD936fB, OKX 112
0x5A150733cb59Bbdd5C7398a8fE7Da7F97c8a213a, OKX 113
0x16b5016803bcB4915701EFC0a3B471Bd4c168d93, OKX 114
0x9723b6d608D4841eB4Ab131687a5D4764eb30138, OKX 115
0xba96A3f3d5E9F13a5f93C37001f946D42eb2E165, OKX 116
0xD30b438DF65f4f788563b2b3611Bd6059bFF4ad9, OKX 117
0xd9a3c9BA5aa4415a53B9190bcb00f14472790a70, OKX 118
0x8c3CB9665833fD9f79eB14cbA16D82BBAB6F22D8, OKX 119
0x9e13bAE2256f968d02Fe0129A0F51788F4e2472f, OKX 120
0xB640e1e5A5f726A054Cd518C968DFDac8C421eE5, OKX 121
0x88C94d8e7d4203B185B3Beb0a7B15A6b4F36B2A2, OKX 122